Component Count:,107,,,,,
Ref,Qnty,Digi-Key Part Number,Value,Cmp name,Footprint,Description
"C201, C304, C401, C402, ",4,1276-1045-1-ND,4.7uF,C,Capacitor_SMD:C_0603_1608Metric_Pad1.08x0.95mm_HandSolder,Unpolarized capacitor
"C202, C203, C204, C205, C206, C209, C505, ",9,478-06036D104KAT2ACT-ND,100nF,C,Capacitor_SMD:C_0603_1608Metric_Pad1.08x0.95mm_HandSolder,Unpolarized capacitor
"C301, C303",9,1276-1935-1-ND,100nF,C,Capacitor_SMD:C_0603_1608Metric_Pad1.08x0.95mm_HandSolder,Unpolarized capacitor
"C207, C305, C501, ",3,1276-1034-1-ND,1uF,C,Capacitor_SMD:C_0603_1608Metric_Pad1.08x0.95mm_HandSolder,Unpolarized capacitor
"C208, C503, C507, ",3,399-17880-1-ND,10nF,C,Capacitor_SMD:C_0603_1608Metric_Pad1.08x0.95mm_HandSolder,Unpolarized capacitor
"C210, C211, ",2,1276-2134-1-ND,6pF,C,Capacitor_SMD:C_0603_1608Metric_Pad1.08x0.95mm_HandSolder,Unpolarized capacitor
"C302, C309, ",2,10-EEH-ZS1H151VCT-ND,150uF,C_Polarized,EEHZS1H151V:CAP_EEHZS1H151V,Polarized capacitor
"C306, C308, ",2,587-5960-1-ND,10uF,C,Capacitor_SMD:C_1206_3216Metric_Pad1.33x1.80mm_HandSolder,Unpolarized capacitor
"C307, ",1,399-C0603C223K4RAC7867CT-ND,22nF,C,Capacitor_SMD:C_0603_1608Metric_Pad1.08x0.95mm_HandSolder,Unpolarized capacitor
"C502, C506, ",2,490-3896-1-ND,10uF,C,Capacitor_SMD:C_0603_1608Metric_Pad1.08x0.95mm_HandSolder,Unpolarized capacitor
"C504, C508, ",2,1276-1274-1-ND,22uF,C,Capacitor_SMD:C_0603_1608Metric_Pad1.08x0.95mm_HandSolder,Unpolarized capacitor
"D101, D502, D701, D801, D901, D1001, ",6,150-LSM115JE3/TR13CT-ND,LSM115JE3_TR13,LSM115JE3_TR13,LSM115JE3_TR13:DIOM5436X330N,Schottky Diodes & Rectifiers Schottky
"D102, ",1,BZT585B24T-7DICT-ND,BZT585B24T-7,D_Zener,Diode_SMD:D_SOD-523,Zener diode
"D201, ",1,160-1447-1-ND,LED_R,LED,LED_SMD:LED_0603_1608Metric,Light emitting diode
"D202, ",1,160-1446-1-ND,LED_G,LED,LED_SMD:LED_0603_1608Metric,Light emitting diode
"D203, ",2,160-1448-1-ND,LED_YL,LED,LED_SMD:LED_0603_1608Metric,Light emitting diode
"D401, ",1,1727-3838-1-ND,PESD5V0S1BB_115,D_TVS,Diode_SMD:D_SOD-523,Bidirectional transient-voltage-suppression diode
"D501, ",2,B230A-FDICT-ND,B230A-13-F,B230A-13-F,B230A-13-F:DIOM5226X230N,"Schottky Diode 2A 30V 0.5Vf SMA Diodes Inc B230A-13-F, SMT Schottky Diode, 30V 2A, 2-Pin DO-214AC"
"J201, ",1,1175-1627-ND,Conn_ARM_JTAG_SWD_10,Conn_ARM_JTAG_SWD_10,digikey-footprints:PinHeader_2x5_P1.27mm_Drill.7mm,"Cortex Debug Connector, standard ARM Cortex-M SWD and JTAG interface"
"J401, ",1,2073-USB4135-GF-ACT-ND,USB_C_Receptacle_PowerOnly_6P,USB_C_Receptacle_PowerOnly_6P,Connector_USB:USB_C_Receptacle_GCT_USB4135-GF-A_6P_TopMnt_Horizontal,USB Power-Only 6P Type-C Receptacle connector
"J701, J801, J901, J1001, J1101, ",50,455-1719-ND,Conn_01x02,Conn_01x02,Connector_JST:JST_PH_S2B-PH-K_1x02_P2.00mm_Horizontal,
,50,455-1165-ND,PHR-2,CONN RCPT HSG 2POS 2.00MM,,CONN RCPT HSG 2POS 2.00MM
,100,455-2148-1-ND,SPH-002T-P0.5L,CONN SOCKET 24-28AWG CRIMP TIN,,CONN SOCKET 24-28AWG CRIMP TIN
"L301, ",1,4652-XAL1060-472MEC-ND / 240-MHE06034R7M-10CT-ND,4.7uH,L,XAL1060-222MEB:XAL1060222MEB,Inductor
"L501, ",1,445-SLF12555T-100M3R4-PFCT-ND,10uH,L,SLF12555T-100M3R4-PF:SLF12555T,Inductor
"L502, ",1,445-174404-1-ND,15uH,L,SLF12565T-150M4R2-PF:SLF12565,Inductor
"Q301, Q302, ",2,RQ3G100GNTBCT-ND,RQ3G100GNTB,RQ3G100GNTB,RQ3G100GNTB:RQ3G100GNTB,Nch 40V 27A Power MOSFET 
"R201, R202, R203, R204, ",4,1712-CPF-A-0603B4K7ECT-ND,4.7k,R,Resistor_SMD:R_0603_1608Metric_Pad0.98x0.95mm_HandSolder,Resistor
"R205, R206, ",2,A102228CT-ND,1.3k,R,Resistor_SMD:R_0603_1608Metric_Pad0.98x0.95mm_HandSolder,Resistor
"R207, R305,",2,1712-CPF-A-0603B1K2ECT-ND,1.2k,R,Resistor_SMD:R_0603_1608Metric_Pad0.98x0.95mm_HandSolder,Resistor
"R208, R309, R310, R501, ",4,A121523CT-ND,10k,R,Resistor_SMD:R_0603_1608Metric_Pad0.98x0.95mm_HandSolder,Resistor
"R209, R702, R802, R902, R1002, ",5,A129694CT-ND,3.3k,R,Resistor_SMD:R_0603_1608Metric_Pad0.98x0.95mm_HandSolder,Resistor
"R301, R307, ",2,2019-UR73D2ATTD10L0FCT-ND,10m,R,Resistor_SMD:R_0805_2012Metric_Pad1.20x1.40mm_HandSolder,Resistor
"R302, ",1,2019-RK73H2HTTE2R49FCT-ND,2.49,R,Resistor_SMD:R_2010_1608Metric_Pad0.98x0.95mm_HandSolder,Resistor
"R303, R304, R306, R502, ",4,408-2101-1-ND,100k,R,Resistor_SMD:R_0603_1608Metric_Pad0.98x0.95mm_HandSolder,Resistor
"R308, ",1,541-63.4KHCT-ND,63.4k,R,Resistor_SMD:R_0603_1608Metric_Pad0.98x0.95mm_HandSolder,Resistor
"R401, R402, ",2,RG16P5.1KBCT-ND,5.1k,R,Resistor_SMD:R_0603_1608Metric_Pad0.98x0.95mm_HandSolder,Resistor
"R503, ",1,RG16P32.4KBCT-ND,32.4k,R,Resistor_SMD:R_0603_1608Metric_Pad0.98x0.95mm_HandSolder,Resistor
"R504, ",1,RG16P91.0KBCT-ND,91k,R,Resistor_SMD:R_0603_1608Metric_Pad0.98x0.95mm_HandSolder,Resistor
"R505, ",1,RMCF0603FT17K4CT-ND,17.4k,R,Resistor_SMD:R_0603_1608Metric_Pad0.98x0.95mm_HandSolder,Resistor
"R701, R801, R901, R1001, ",4,A129703CT-ND,18k,R,Resistor_SMD:R_0603_1608Metric_Pad0.98x0.95mm_HandSolder,Resistor
"TH301, ",1,2259-BN35-3H103FB-50-ND,10k,Thermistor_NTC,Connector_PinHeader_1.00mm:PinHeader_1x02_P1.00mm_Vertical,"Temperature dependent resistor, negative temperature coefficient"
"U201, ",1,497-STM32L431RCT6CT-ND,STM32L431RCT,STM32L431RCT,STM32L431RCT:LQFP-64,
"U202, ",1,240-2399-1-ND,HZ0805E601R-10,HZ0805E601R-10,HZ0805E601R-10:BEADC2012X90N,FERRITE BEAD 600 OHM 0805 1LN
"U301, ",1,LTC4162EUFD-L41M#PBF-ND,LTC4162EUFD-L41M#PBF,LTC4162EUFD-L41#PBF,LTC4162EUFD-L41_PBF:QFN50P500X400X80-29N,
"U301, ",1,505-LTC4162EUFD-LADM#PBF-ND,LTC4162EUFD-LADM#PBF,LTC4162EUFD-L41#PBF,LTC4162EUFD-L41_PBF:QFN50P500X400X80-29N,
"U401, ",1,AP7361C-25Y5-13DICT-ND,AP7361C-33Y5-13,AP7361C-25Y5-13,AP7361C-25Y5-13:AP7361C25Y513,LDO Voltage Regulators 1A LDO Reg w/Enable 2.5V 6.5Vin 800mW
"U501, U503, ",2,1028-RT8258GECT-ND,RT8258GE,RT8258GE,RT8258GE:SOT94P279X130-6N,IC REG BUCK ADJ 1.2A SOT23-6
"U502, ",1,296-34970-1-ND,TPS27081ADDCR,TPS27081ADDCR,digikey-footprints:SOT-23-6,IC LOAD SW HIGH SIDE 6SOT
"Y201, ",1,644-1132-1-ND,NX5032GA-8.000M-STD-CSU-1,NX5032GA-8.000M-STD-CSU-1,NX5032GA-8.000M:XTAL_NX5032_NDK,
